-- MySQL dump 10.13  Distrib 5.7.28, for Linux (x86_64)
--
-- Host: localhost    Database: esi
-- ------------------------------------------------------
-- Server version	5.7.28-0ubuntu0.16.04.2

/*!40101 SET @OLD_CHARACTER_SET_CLIENT=@@CHARACTER_SET_CLIENT */;
/*!40101 SET @OLD_CHARACTER_SET_RESULTS=@@CHARACTER_SET_RESULTS */;
/*!40101 SET @OLD_COLLATION_CONNECTION=@@COLLATION_CONNECTION */;
/*!40101 SET NAMES utf8 */;
/*!40103 SET @OLD_TIME_ZONE=@@TIME_ZONE */;
/*!40103 SET TIME_ZONE='+00:00' */;
/*!40014 SET @OLD_UNIQUE_CHECKS=@@UNIQUE_CHECKS, UNIQUE_CHECKS=0 */;
/*!40014 SET @OLD_FOREIGN_KEY_CHECKS=@@FOREIGN_KEY_CHECKS, FOREIGN_KEY_CHECKS=0 */;
/*!40101 SET @OLD_SQL_MODE=@@SQL_MODE, SQL_MODE='NO_AUTO_VALUE_ON_ZERO' */;
/*!40111 SET @OLD_SQL_NOTES=@@SQL_NOTES, SQL_NOTES=0 */;

--
-- Table structure for table `admins`
--

DROP TABLE IF EXISTS `admins`;
/*!40101 SET @saved_cs_client     = @@character_set_client */;
/*!40101 SET character_set_client = utf8 */;
CREATE TABLE `admins` (
  `id` bigint(20) unsigned NOT NULL AUTO_INCREMENT,
  `nom` varchar(255) COLLATE utf8mb4_unicode_ci DEFAULT NULL,
  `prenom` varchar(255) COLLATE utf8mb4_unicode_ci DEFAULT NULL,
  `age` int(11) DEFAULT NULL,
  `adresse` varchar(255) COLLATE utf8mb4_unicode_ci DEFAULT NULL,
  `telephone` varchar(255) COLLATE utf8mb4_unicode_ci DEFAULT NULL,
  `email` varchar(255) COLLATE utf8mb4_unicode_ci NOT NULL,
  `password` varchar(255) COLLATE utf8mb4_unicode_ci DEFAULT NULL,
  `provider` varchar(255) COLLATE utf8mb4_unicode_ci DEFAULT NULL,
  `provider_id` varchar(255) COLLATE utf8mb4_unicode_ci DEFAULT NULL,
  `role` varchar(255) COLLATE utf8mb4_unicode_ci NOT NULL DEFAULT 'ROLE_USER_ADMIN',
  `photo` varchar(255) COLLATE utf8mb4_unicode_ci DEFAULT NULL,
  `remember_token` varchar(100) COLLATE utf8mb4_unicode_ci DEFAULT NULL,
  `created_at` timestamp NULL DEFAULT NULL,
  `updated_at` timestamp NULL DEFAULT NULL,
  PRIMARY KEY (`id`),
  UNIQUE KEY `admins_email_unique` (`email`)
) ENGINE=InnoDB AUTO_INCREMENT=236 DEFAULT CHARSET=utf8mb4 COLLATE=utf8mb4_unicode_ci;
/*!40101 SET character_set_client = @saved_cs_client */;

--
-- Dumping data for table `admins`
--

LOCK TABLES `admins` WRITE;
/*!40000 ALTER TABLE `admins` DISABLE KEYS */;
INSERT INTO `admins` VALUES (1,NULL,NULL,NULL,NULL,NULL,'admin@esi.dz','$2y$10$n0ozWsC74v988A1D58Ikp.jY8s5mOnbbFm5u/IYG0qevO2Bg0/lHO',NULL,NULL,'ROLE_USER_ADMIN',NULL,NULL,'2019-11-23 13:35:30','2020-01-03 13:02:42'),(2,NULL,NULL,NULL,NULL,NULL,'ena.hahn@gmail.com',NULL,NULL,NULL,'ROLE_USER_ADMIN',NULL,NULL,'2020-01-01 15:50:56','2020-01-01 15:50:56'),(3,NULL,NULL,NULL,NULL,NULL,'sauer.cary@leannon.com',NULL,NULL,NULL,'ROLE_USER_ADMIN',NULL,NULL,'2020-01-01 15:51:18','2020-01-01 15:51:18'),(4,NULL,NULL,NULL,NULL,NULL,'bmitchell@yahoo.com',NULL,NULL,NULL,'ROLE_USER_ADMIN',NULL,NULL,'2020-01-01 15:51:45','2020-01-01 15:51:45'),(5,NULL,NULL,NULL,NULL,NULL,'adams.alaina@blanda.net',NULL,NULL,NULL,'ROLE_USER_ADMIN',NULL,NULL,'2020-01-01 15:52:03','2020-01-01 15:52:03'),(6,NULL,NULL,NULL,NULL,NULL,'carroll.mohamed@casper.com',NULL,NULL,NULL,'ROLE_USER_ADMIN',NULL,NULL,'2020-01-01 15:52:32','2020-01-01 15:52:32'),(7,NULL,NULL,NULL,NULL,NULL,'florida66@yahoo.com',NULL,NULL,NULL,'ROLE_USER_ADMIN',NULL,NULL,'2020-01-01 15:52:37','2020-01-01 15:52:37'),(8,NULL,NULL,NULL,NULL,NULL,'makayla.huels@kshlerin.info',NULL,NULL,NULL,'ROLE_USER_ADMIN',NULL,NULL,'2020-01-01 15:53:01','2020-01-01 15:53:01'),(9,NULL,NULL,NULL,NULL,NULL,'quentin.vandervort@shields.info',NULL,NULL,NULL,'ROLE_USER_ADMIN',NULL,NULL,'2020-01-01 16:19:35','2020-01-01 16:19:35'),(10,NULL,NULL,NULL,NULL,NULL,'marlin92@hayes.com',NULL,NULL,NULL,'ROLE_USER_ADMIN',NULL,NULL,'2020-01-01 16:19:36','2020-01-01 16:19:36'),(11,NULL,NULL,NULL,NULL,NULL,'lindgren.deshaun@leuschke.net',NULL,NULL,NULL,'ROLE_USER_ADMIN',NULL,NULL,'2020-01-01 16:24:07','2020-01-01 16:24:07'),(12,NULL,NULL,NULL,NULL,NULL,'halvorson.evalyn@gmail.com',NULL,NULL,NULL,'ROLE_USER_ADMIN',NULL,NULL,'2020-01-01 16:24:07','2020-01-01 16:24:07'),(13,NULL,NULL,NULL,NULL,NULL,'delilah.kertzmann@gmail.com',NULL,NULL,NULL,'ROLE_USER_ADMIN',NULL,NULL,'2020-01-01 16:27:11','2020-01-01 16:27:11'),(14,NULL,NULL,NULL,NULL,NULL,'xbartell@fadel.com',NULL,NULL,NULL,'ROLE_USER_ADMIN',NULL,NULL,'2020-01-01 16:27:11','2020-01-01 16:27:11'),(15,NULL,NULL,NULL,NULL,NULL,'oconner.summer@hotmail.com',NULL,NULL,NULL,'ROLE_USER_ADMIN',NULL,NULL,'2020-01-01 16:29:49','2020-01-01 16:29:49'),(16,NULL,NULL,NULL,NULL,NULL,'sdamore@hotmail.com',NULL,NULL,NULL,'ROLE_USER_ADMIN',NULL,NULL,'2020-01-01 16:29:49','2020-01-01 16:29:49'),(17,NULL,NULL,NULL,NULL,NULL,'mwiegand@kuhic.com',NULL,NULL,NULL,'ROLE_USER_ADMIN',NULL,NULL,'2020-01-01 16:30:44','2020-01-01 16:30:44'),(18,NULL,NULL,NULL,NULL,NULL,'filiberto.zulauf@yahoo.com',NULL,NULL,NULL,'ROLE_USER_ADMIN',NULL,NULL,'2020-01-01 16:30:44','2020-01-01 16:30:44'),(19,NULL,NULL,NULL,NULL,NULL,'wrempel@hotmail.com',NULL,NULL,NULL,'ROLE_USER_ADMIN',NULL,NULL,'2020-01-01 16:31:32','2020-01-01 16:31:32'),(20,NULL,NULL,NULL,NULL,NULL,'elfrieda03@hotmail.com',NULL,NULL,NULL,'ROLE_USER_ADMIN',NULL,NULL,'2020-01-01 16:31:32','2020-01-01 16:31:32'),(21,NULL,NULL,NULL,NULL,NULL,'gerardo.runolfsson@yahoo.com',NULL,NULL,NULL,'ROLE_USER_ADMIN',NULL,NULL,'2020-01-01 16:32:31','2020-01-01 16:32:31'),(22,NULL,NULL,NULL,NULL,NULL,'murray34@gmail.com',NULL,NULL,NULL,'ROLE_USER_ADMIN',NULL,NULL,'2020-01-01 16:32:31','2020-01-01 16:32:31'),(23,NULL,NULL,NULL,NULL,NULL,'zoberbrunner@torphy.org',NULL,NULL,NULL,'ROLE_USER_ADMIN',NULL,NULL,'2020-01-01 16:32:50','2020-01-01 16:32:50'),(24,NULL,NULL,NULL,NULL,NULL,'laurie.bayer@gmail.com',NULL,NULL,NULL,'ROLE_USER_ADMIN',NULL,NULL,'2020-01-01 16:32:50','2020-01-01 16:32:50'),(25,NULL,NULL,NULL,NULL,NULL,'zlakin@hotmail.com',NULL,NULL,NULL,'ROLE_USER_ADMIN',NULL,NULL,'2020-01-01 16:33:43','2020-01-01 16:33:43'),(26,NULL,NULL,NULL,NULL,NULL,'ahmed.hilpert@dickinson.com',NULL,NULL,NULL,'ROLE_USER_ADMIN',NULL,NULL,'2020-01-01 16:33:43','2020-01-01 16:33:43'),(27,NULL,NULL,NULL,NULL,NULL,'murazik.tyrell@gusikowski.com',NULL,NULL,NULL,'ROLE_USER_ADMIN',NULL,NULL,'2020-01-01 16:35:55','2020-01-01 16:35:55'),(28,NULL,NULL,NULL,NULL,NULL,'rwyman@spinka.com',NULL,NULL,NULL,'ROLE_USER_ADMIN',NULL,NULL,'2020-01-01 16:35:56','2020-01-01 16:35:56'),(29,NULL,NULL,NULL,NULL,NULL,'benny.bahringer@little.com',NULL,NULL,NULL,'ROLE_USER_ADMIN',NULL,NULL,'2020-01-01 16:39:31','2020-01-01 16:39:31'),(30,NULL,NULL,NULL,NULL,NULL,'klocko.spencer@gmail.com',NULL,NULL,NULL,'ROLE_USER_ADMIN',NULL,NULL,'2020-01-01 16:39:31','2020-01-01 16:39:31'),(31,NULL,NULL,NULL,NULL,NULL,'agnes.rolfson@yahoo.com',NULL,NULL,NULL,'ROLE_USER_ADMIN',NULL,NULL,'2020-01-01 16:40:07','2020-01-01 16:40:07'),(32,NULL,NULL,NULL,NULL,NULL,'mueller.lou@yahoo.com',NULL,NULL,NULL,'ROLE_USER_ADMIN',NULL,NULL,'2020-01-01 16:40:07','2020-01-01 16:40:07'),(33,NULL,NULL,NULL,NULL,NULL,'ometz@hotmail.com',NULL,NULL,NULL,'ROLE_USER_ADMIN',NULL,NULL,'2020-01-01 16:44:27','2020-01-01 16:44:27'),(34,NULL,NULL,NULL,NULL,NULL,'gaston52@hotmail.com',NULL,NULL,NULL,'ROLE_USER_ADMIN',NULL,NULL,'2020-01-01 16:44:27','2020-01-01 16:44:27'),(35,NULL,NULL,NULL,NULL,NULL,'arnaldo.gleichner@murray.com',NULL,NULL,NULL,'ROLE_USER_ADMIN',NULL,NULL,'2020-01-01 16:48:12','2020-01-01 16:48:12'),(36,NULL,NULL,NULL,NULL,NULL,'jokuneva@yahoo.com',NULL,NULL,NULL,'ROLE_USER_ADMIN',NULL,NULL,'2020-01-01 16:48:12','2020-01-01 16:48:12'),(37,NULL,NULL,NULL,NULL,NULL,'dasia05@bosco.com',NULL,NULL,NULL,'ROLE_USER_ADMIN',NULL,NULL,'2020-01-01 16:50:46','2020-01-01 16:50:46'),(38,NULL,NULL,NULL,NULL,NULL,'jamaal08@hotmail.com',NULL,NULL,NULL,'ROLE_USER_ADMIN',NULL,NULL,'2020-01-01 16:50:46','2020-01-01 16:50:46'),(39,NULL,NULL,NULL,NULL,NULL,'rsatterfield@fahey.net',NULL,NULL,NULL,'ROLE_USER_ADMIN',NULL,NULL,'2020-01-01 16:51:22','2020-01-01 16:51:22'),(40,NULL,NULL,NULL,NULL,NULL,'hermann.daphney@gmail.com',NULL,NULL,NULL,'ROLE_USER_ADMIN',NULL,NULL,'2020-01-01 16:51:22','2020-01-01 16:51:22'),(41,NULL,NULL,NULL,NULL,NULL,'xmcdermott@hoppe.com',NULL,NULL,NULL,'ROLE_USER_ADMIN',NULL,NULL,'2020-01-01 16:51:52','2020-01-01 16:51:52'),(42,NULL,NULL,NULL,NULL,NULL,'lehner.jarrett@strosin.com',NULL,NULL,NULL,'ROLE_USER_ADMIN',NULL,NULL,'2020-01-01 16:51:53','2020-01-01 16:51:53'),(43,NULL,NULL,NULL,NULL,NULL,'ubruen@mueller.org',NULL,NULL,NULL,'ROLE_USER_ADMIN',NULL,NULL,'2020-01-01 16:52:30','2020-01-01 16:52:30'),(44,NULL,NULL,NULL,NULL,NULL,'powlowski.nikko@homenick.com',NULL,NULL,NULL,'ROLE_USER_ADMIN',NULL,NULL,'2020-01-01 16:52:30','2020-01-01 16:52:30'),(45,NULL,NULL,NULL,NULL,NULL,'dooley.chelsey@graham.com',NULL,NULL,NULL,'ROLE_USER_ADMIN',NULL,NULL,'2020-01-01 17:00:28','2020-01-01 17:00:28'),(46,NULL,NULL,NULL,NULL,NULL,'margret.reinger@lebsack.com',NULL,NULL,NULL,'ROLE_USER_ADMIN',NULL,NULL,'2020-01-01 17:00:28','2020-01-01 17:00:28'),(47,NULL,NULL,NULL,NULL,NULL,'mberge@gmail.com',NULL,NULL,NULL,'ROLE_USER_ADMIN',NULL,NULL,'2020-01-01 17:00:58','2020-01-01 17:00:58'),(48,NULL,NULL,NULL,NULL,NULL,'price.beatrice@krajcik.com',NULL,NULL,NULL,'ROLE_USER_ADMIN',NULL,NULL,'2020-01-01 17:00:58','2020-01-01 17:00:58'),(49,NULL,NULL,NULL,NULL,NULL,'runolfsson.myles@emmerich.com',NULL,NULL,NULL,'ROLE_USER_ADMIN',NULL,NULL,'2020-01-01 17:01:22','2020-01-01 17:01:22'),(50,NULL,NULL,NULL,NULL,NULL,'fisher.antonio@hotmail.com',NULL,NULL,NULL,'ROLE_USER_ADMIN',NULL,NULL,'2020-01-01 17:01:22','2020-01-01 17:01:22'),(51,NULL,NULL,NULL,NULL,NULL,'walter.penelope@von.com',NULL,NULL,NULL,'ROLE_USER_ADMIN',NULL,NULL,'2020-01-01 17:02:26','2020-01-01 17:02:26'),(52,NULL,NULL,NULL,NULL,NULL,'nkreiger@stanton.biz',NULL,NULL,NULL,'ROLE_USER_ADMIN',NULL,NULL,'2020-01-01 17:02:26','2020-01-01 17:02:26'),(53,NULL,NULL,NULL,NULL,NULL,'marvin.maybelle@hodkiewicz.biz',NULL,NULL,NULL,'ROLE_USER_ADMIN',NULL,NULL,'2020-01-01 17:07:24','2020-01-01 17:07:24'),(54,NULL,NULL,NULL,NULL,NULL,'korey.emmerich@yahoo.com',NULL,NULL,NULL,'ROLE_USER_ADMIN',NULL,NULL,'2020-01-01 17:07:24','2020-01-01 17:07:24'),(55,NULL,NULL,NULL,NULL,NULL,'tracey.johnson@harris.info',NULL,NULL,NULL,'ROLE_USER_ADMIN',NULL,NULL,'2020-01-01 17:07:41','2020-01-01 17:07:41'),(56,NULL,NULL,NULL,NULL,NULL,'klocko.maurine@gaylord.com',NULL,NULL,NULL,'ROLE_USER_ADMIN',NULL,NULL,'2020-01-01 17:07:41','2020-01-01 17:07:41'),(57,NULL,NULL,NULL,NULL,NULL,'sadye.hayes@marks.com',NULL,NULL,NULL,'ROLE_USER_ADMIN',NULL,NULL,'2020-01-01 17:07:58','2020-01-01 17:07:58'),(58,NULL,NULL,NULL,NULL,NULL,'felipa.wisoky@mcdermott.com',NULL,NULL,NULL,'ROLE_USER_ADMIN',NULL,NULL,'2020-01-01 17:07:58','2020-01-01 17:07:58'),(59,NULL,NULL,NULL,NULL,NULL,'kaley.spencer@hotmail.com',NULL,NULL,NULL,'ROLE_USER_ADMIN',NULL,NULL,'2020-01-01 17:08:41','2020-01-01 17:08:41'),(60,NULL,NULL,NULL,NULL,NULL,'helene.bahringer@stamm.info',NULL,NULL,NULL,'ROLE_USER_ADMIN',NULL,NULL,'2020-01-01 17:08:41','2020-01-01 17:08:41'),(61,NULL,NULL,NULL,NULL,NULL,'andre00@harvey.info',NULL,NULL,NULL,'ROLE_USER_ADMIN',NULL,NULL,'2020-01-01 17:19:33','2020-01-01 17:19:33'),(62,NULL,NULL,NULL,NULL,NULL,'cary64@gmail.com',NULL,NULL,NULL,'ROLE_USER_ADMIN',NULL,NULL,'2020-01-01 17:19:33','2020-01-01 17:19:33'),(63,NULL,NULL,NULL,NULL,NULL,'mohamed44@ebert.biz',NULL,NULL,NULL,'ROLE_USER_ADMIN',NULL,NULL,'2020-01-01 17:20:25','2020-01-01 17:20:25'),(64,NULL,NULL,NULL,NULL,NULL,'bertram46@nitzsche.org',NULL,NULL,NULL,'ROLE_USER_ADMIN',NULL,NULL,'2020-01-01 17:20:25','2020-01-01 17:20:25'),(65,NULL,NULL,NULL,NULL,NULL,'adele61@gaylord.org',NULL,NULL,NULL,'ROLE_USER_ADMIN',NULL,NULL,'2020-01-01 17:21:15','2020-01-01 17:21:15'),(66,NULL,NULL,NULL,NULL,NULL,'clakin@olson.com',NULL,NULL,NULL,'ROLE_USER_ADMIN',NULL,NULL,'2020-01-01 17:21:16','2020-01-01 17:21:16'),(67,NULL,NULL,NULL,NULL,NULL,'kale99@stiedemann.com',NULL,NULL,NULL,'ROLE_USER_ADMIN',NULL,NULL,'2020-01-01 17:21:35','2020-01-01 17:21:35'),(68,NULL,NULL,NULL,NULL,NULL,'tillman.hobart@yahoo.com',NULL,NULL,NULL,'ROLE_USER_ADMIN',NULL,NULL,'2020-01-01 17:21:35','2020-01-01 17:21:35'),(69,NULL,NULL,NULL,NULL,NULL,'alena84@okuneva.com',NULL,NULL,NULL,'ROLE_USER_ADMIN',NULL,NULL,'2020-01-01 17:22:11','2020-01-01 17:22:11'),(70,NULL,NULL,NULL,NULL,NULL,'ubaldo40@rempel.org',NULL,NULL,NULL,'ROLE_USER_ADMIN',NULL,NULL,'2020-01-01 17:22:11','2020-01-01 17:22:11'),(71,NULL,NULL,NULL,NULL,NULL,'sgottlieb@schiller.com',NULL,NULL,NULL,'ROLE_USER_ADMIN',NULL,NULL,'2020-01-01 17:22:23','2020-01-01 17:22:23'),(72,NULL,NULL,NULL,NULL,NULL,'ischowalter@feil.biz',NULL,NULL,NULL,'ROLE_USER_ADMIN',NULL,NULL,'2020-01-01 17:22:23','2020-01-01 17:22:23'),(73,NULL,NULL,NULL,NULL,NULL,'terry.sporer@reynolds.com',NULL,NULL,NULL,'ROLE_USER_ADMIN',NULL,NULL,'2020-01-01 17:27:24','2020-01-01 17:27:24'),(74,NULL,NULL,NULL,NULL,NULL,'jackson.sawayn@wiegand.info',NULL,NULL,NULL,'ROLE_USER_ADMIN',NULL,NULL,'2020-01-01 17:27:24','2020-01-01 17:27:24'),(75,NULL,NULL,NULL,NULL,NULL,'vince30@gmail.com',NULL,NULL,NULL,'ROLE_USER_ADMIN',NULL,NULL,'2020-01-01 17:27:49','2020-01-01 17:27:49'),(76,NULL,NULL,NULL,NULL,NULL,'klocko.clinton@hotmail.com',NULL,NULL,NULL,'ROLE_USER_ADMIN',NULL,NULL,'2020-01-01 17:27:49','2020-01-01 17:27:49'),(77,NULL,NULL,NULL,NULL,NULL,'qweissnat@gislason.info',NULL,NULL,NULL,'ROLE_USER_ADMIN',NULL,NULL,'2020-01-01 17:30:28','2020-01-01 17:30:28'),(78,NULL,NULL,NULL,NULL,NULL,'hudson.trantow@jacobi.com',NULL,NULL,NULL,'ROLE_USER_ADMIN',NULL,NULL,'2020-01-01 17:30:28','2020-01-01 17:30:28'),(79,NULL,NULL,NULL,NULL,NULL,'idell.koepp@johnson.com',NULL,NULL,NULL,'ROLE_USER_ADMIN',NULL,NULL,'2020-01-01 17:39:46','2020-01-01 17:39:46'),(80,NULL,NULL,NULL,NULL,NULL,'jessyca84@olson.com',NULL,NULL,NULL,'ROLE_USER_ADMIN',NULL,NULL,'2020-01-01 17:39:46','2020-01-01 17:39:46'),(81,NULL,NULL,NULL,NULL,NULL,'alaina58@price.info',NULL,NULL,NULL,'ROLE_USER_ADMIN',NULL,NULL,'2020-01-01 17:39:50','2020-01-01 17:39:50'),(82,NULL,NULL,NULL,NULL,NULL,'lempi.treutel@hotmail.com',NULL,NULL,NULL,'ROLE_USER_ADMIN',NULL,NULL,'2020-01-01 17:39:50','2020-01-01 17:39:50'),(83,NULL,NULL,NULL,NULL,NULL,'verlie62@langworth.org',NULL,NULL,NULL,'ROLE_USER_ADMIN',NULL,NULL,'2020-01-01 17:40:07','2020-01-01 17:40:07'),(84,NULL,NULL,NULL,NULL,NULL,'smurazik@rice.biz',NULL,NULL,NULL,'ROLE_USER_ADMIN',NULL,NULL,'2020-01-01 17:40:08','2020-01-01 17:40:08'),(85,NULL,NULL,NULL,NULL,NULL,'enos.kris@abbott.info',NULL,NULL,NULL,'ROLE_USER_ADMIN',NULL,NULL,'2020-01-01 17:40:24','2020-01-01 17:40:24'),(86,NULL,NULL,NULL,NULL,NULL,'bklein@hotmail.com',NULL,NULL,NULL,'ROLE_USER_ADMIN',NULL,NULL,'2020-01-01 17:40:24','2020-01-01 17:40:24'),(87,NULL,NULL,NULL,NULL,NULL,'arturo74@yahoo.com',NULL,NULL,NULL,'ROLE_USER_ADMIN',NULL,NULL,'2020-01-01 17:45:03','2020-01-01 17:45:03'),(88,NULL,NULL,NULL,NULL,NULL,'mackenzie28@hotmail.com',NULL,NULL,NULL,'ROLE_USER_ADMIN',NULL,NULL,'2020-01-01 17:45:04','2020-01-01 17:45:04'),(89,NULL,NULL,NULL,NULL,NULL,'fannie.schuster@pfeffer.com',NULL,NULL,NULL,'ROLE_USER_ADMIN',NULL,NULL,'2020-01-01 17:46:29','2020-01-01 17:46:29'),(90,NULL,NULL,NULL,NULL,NULL,'ferry.rhoda@hotmail.com',NULL,NULL,NULL,'ROLE_USER_ADMIN',NULL,NULL,'2020-01-01 17:46:29','2020-01-01 17:46:29'),(91,NULL,NULL,NULL,NULL,NULL,'jakubowski.nels@yahoo.com',NULL,NULL,NULL,'ROLE_USER_ADMIN',NULL,NULL,'2020-01-01 17:49:06','2020-01-01 17:49:06'),(92,NULL,NULL,NULL,NULL,NULL,'keeling.haven@larkin.com',NULL,NULL,NULL,'ROLE_USER_ADMIN',NULL,NULL,'2020-01-01 17:49:06','2020-01-01 17:49:06'),(93,NULL,NULL,NULL,NULL,NULL,'matilda.bayer@hotmail.com',NULL,NULL,NULL,'ROLE_USER_ADMIN',NULL,NULL,'2020-01-01 17:50:40','2020-01-01 17:50:40'),(94,NULL,NULL,NULL,NULL,NULL,'agustina78@upton.com',NULL,NULL,NULL,'ROLE_USER_ADMIN',NULL,NULL,'2020-01-01 17:50:40','2020-01-01 17:50:40'),(95,NULL,NULL,NULL,NULL,NULL,'doris20@yahoo.com',NULL,NULL,NULL,'ROLE_USER_ADMIN',NULL,NULL,'2020-01-03 04:20:00','2020-01-03 04:20:00'),(96,NULL,NULL,NULL,NULL,NULL,'kuhic.nasir@hettinger.com',NULL,NULL,NULL,'ROLE_USER_ADMIN',NULL,NULL,'2020-01-03 04:20:08','2020-01-03 04:20:08'),(97,NULL,NULL,NULL,NULL,NULL,'katrine58@labadie.org',NULL,NULL,NULL,'ROLE_USER_ADMIN',NULL,NULL,'2020-01-03 04:30:29','2020-01-03 04:30:29'),(98,NULL,NULL,NULL,NULL,NULL,'andre41@gmail.com',NULL,NULL,NULL,'ROLE_USER_ADMIN',NULL,NULL,'2020-01-03 04:30:29','2020-01-03 04:30:29'),(99,NULL,NULL,NULL,NULL,NULL,'fermin.denesik@yahoo.com',NULL,NULL,NULL,'ROLE_USER_ADMIN',NULL,NULL,'2020-01-03 04:32:05','2020-01-03 04:32:05'),(100,NULL,NULL,NULL,NULL,NULL,'ruecker.obie@lowe.net',NULL,NULL,NULL,'ROLE_USER_ADMIN',NULL,NULL,'2020-01-03 04:32:05','2020-01-03 04:32:05'),(101,NULL,NULL,NULL,NULL,NULL,'durgan.theodore@lubowitz.com',NULL,NULL,NULL,'ROLE_USER_ADMIN',NULL,NULL,'2020-01-03 04:33:07','2020-01-03 04:33:07'),(102,NULL,NULL,NULL,NULL,NULL,'haven62@hotmail.com',NULL,NULL,NULL,'ROLE_USER_ADMIN',NULL,NULL,'2020-01-03 04:33:07','2020-01-03 04:33:07'),(103,NULL,NULL,NULL,NULL,NULL,'jrunolfsson@mueller.biz',NULL,NULL,NULL,'ROLE_USER_ADMIN',NULL,NULL,'2020-01-03 04:35:38','2020-01-03 04:35:38'),(104,NULL,NULL,NULL,NULL,NULL,'bwest@hotmail.com',NULL,NULL,NULL,'ROLE_USER_ADMIN',NULL,NULL,'2020-01-03 04:35:38','2020-01-03 04:35:38'),(105,NULL,NULL,NULL,NULL,NULL,'rcassin@hotmail.com',NULL,NULL,NULL,'ROLE_USER_ADMIN',NULL,NULL,'2020-01-03 04:37:36','2020-01-03 04:37:36'),(106,NULL,NULL,NULL,NULL,NULL,'vdare@yahoo.com',NULL,NULL,NULL,'ROLE_USER_ADMIN',NULL,NULL,'2020-01-03 04:37:37','2020-01-03 04:37:37'),(107,NULL,NULL,NULL,NULL,NULL,'jannie.hoeger@wilkinson.biz',NULL,NULL,NULL,'ROLE_USER_ADMIN',NULL,NULL,'2020-01-03 04:37:57','2020-01-03 04:37:57'),(108,NULL,NULL,NULL,NULL,NULL,'uframi@homenick.com',NULL,NULL,NULL,'ROLE_USER_ADMIN',NULL,NULL,'2020-01-03 04:37:57','2020-01-03 04:37:57'),(109,NULL,NULL,NULL,NULL,NULL,'braun.roselyn@hotmail.com',NULL,NULL,NULL,'ROLE_USER_ADMIN',NULL,NULL,'2020-01-03 04:39:43','2020-01-03 04:39:43'),(110,NULL,NULL,NULL,NULL,NULL,'nicolas.durgan@gmail.com',NULL,NULL,NULL,'ROLE_USER_ADMIN',NULL,NULL,'2020-01-03 04:39:43','2020-01-03 04:39:43'),(111,NULL,NULL,NULL,NULL,NULL,'rosemary.mckenzie@pacocha.net',NULL,NULL,NULL,'ROLE_USER_ADMIN',NULL,NULL,'2020-01-03 04:40:06','2020-01-03 04:40:06'),(112,NULL,NULL,NULL,NULL,NULL,'blanda.jacklyn@swift.com',NULL,NULL,NULL,'ROLE_USER_ADMIN',NULL,NULL,'2020-01-03 04:40:06','2020-01-03 04:40:06'),(113,NULL,NULL,NULL,NULL,NULL,'kiehn.kaitlin@abshire.com',NULL,NULL,NULL,'ROLE_USER_ADMIN',NULL,NULL,'2020-01-03 04:40:15','2020-01-03 04:40:15'),(114,NULL,NULL,NULL,NULL,NULL,'eileen.spencer@purdy.biz',NULL,NULL,NULL,'ROLE_USER_ADMIN',NULL,NULL,'2020-01-03 04:40:16','2020-01-03 04:40:16'),(115,NULL,NULL,NULL,NULL,NULL,'schuster.zita@raynor.com',NULL,NULL,NULL,'ROLE_USER_ADMIN',NULL,NULL,'2020-01-03 04:41:04','2020-01-03 04:41:04'),(116,NULL,NULL,NULL,NULL,NULL,'yessenia.jerde@gmail.com',NULL,NULL,NULL,'ROLE_USER_ADMIN',NULL,NULL,'2020-01-03 04:41:05','2020-01-03 04:41:05'),(117,NULL,NULL,NULL,NULL,NULL,'mheller@gmail.com',NULL,NULL,NULL,'ROLE_USER_ADMIN',NULL,NULL,'2020-01-03 04:43:50','2020-01-03 04:43:50'),(118,NULL,NULL,NULL,NULL,NULL,'prosacco.caroline@gmail.com',NULL,NULL,NULL,'ROLE_USER_ADMIN',NULL,NULL,'2020-01-03 04:43:50','2020-01-03 04:43:50'),(119,NULL,NULL,NULL,NULL,NULL,'jaron.mckenzie@erdman.net',NULL,NULL,NULL,'ROLE_USER_ADMIN',NULL,NULL,'2020-01-03 04:43:58','2020-01-03 04:43:58'),(120,NULL,NULL,NULL,NULL,NULL,'nicholaus61@gmail.com',NULL,NULL,NULL,'ROLE_USER_ADMIN',NULL,NULL,'2020-01-03 04:43:58','2020-01-03 04:43:58'),(121,NULL,NULL,NULL,NULL,NULL,'nora.daniel@hotmail.com',NULL,NULL,NULL,'ROLE_USER_ADMIN',NULL,NULL,'2020-01-03 04:47:32','2020-01-03 04:47:32'),(122,NULL,NULL,NULL,NULL,NULL,'douglas.boris@yahoo.com',NULL,NULL,NULL,'ROLE_USER_ADMIN',NULL,NULL,'2020-01-03 04:47:32','2020-01-03 04:47:32'),(123,NULL,NULL,NULL,NULL,NULL,'lois68@yahoo.com',NULL,NULL,NULL,'ROLE_USER_ADMIN',NULL,NULL,'2020-01-03 04:53:51','2020-01-03 04:53:51'),(124,NULL,NULL,NULL,NULL,NULL,'jsimonis@hotmail.com',NULL,NULL,NULL,'ROLE_USER_ADMIN',NULL,NULL,'2020-01-03 04:53:52','2020-01-03 04:53:52'),(125,NULL,NULL,NULL,NULL,NULL,'janiya43@robel.com',NULL,NULL,NULL,'ROLE_USER_ADMIN',NULL,NULL,'2020-01-03 04:58:52','2020-01-03 04:58:52'),(126,NULL,NULL,NULL,NULL,NULL,'purdy.adrien@quigley.net',NULL,NULL,NULL,'ROLE_USER_ADMIN',NULL,NULL,'2020-01-03 04:58:52','2020-01-03 04:58:52'),(127,NULL,NULL,NULL,NULL,NULL,'aleen.johns@hotmail.com',NULL,NULL,NULL,'ROLE_USER_ADMIN',NULL,NULL,'2020-01-03 04:59:30','2020-01-03 04:59:30'),(128,NULL,NULL,NULL,NULL,NULL,'carli.goyette@blick.com',NULL,NULL,NULL,'ROLE_USER_ADMIN',NULL,NULL,'2020-01-03 04:59:30','2020-01-03 04:59:30'),(129,NULL,NULL,NULL,NULL,NULL,'gpagac@hotmail.com',NULL,NULL,NULL,'ROLE_USER_ADMIN',NULL,NULL,'2020-01-03 04:59:54','2020-01-03 04:59:54'),(130,NULL,NULL,NULL,NULL,NULL,'schimmel.bennie@corwin.info',NULL,NULL,NULL,'ROLE_USER_ADMIN',NULL,NULL,'2020-01-03 04:59:55','2020-01-03 04:59:55'),(131,NULL,NULL,NULL,NULL,NULL,'karson.littel@yahoo.com',NULL,NULL,NULL,'ROLE_USER_ADMIN',NULL,NULL,'2020-01-03 05:00:29','2020-01-03 05:00:29'),(132,NULL,NULL,NULL,NULL,NULL,'tmcglynn@armstrong.com',NULL,NULL,NULL,'ROLE_USER_ADMIN',NULL,NULL,'2020-01-03 05:00:29','2020-01-03 05:00:29'),(133,NULL,NULL,NULL,NULL,NULL,'jacky08@hotmail.com',NULL,NULL,NULL,'ROLE_USER_ADMIN',NULL,NULL,'2020-01-03 05:03:28','2020-01-03 05:03:28'),(134,NULL,NULL,NULL,NULL,NULL,'gerry.wolf@gmail.com',NULL,NULL,NULL,'ROLE_USER_ADMIN',NULL,NULL,'2020-01-03 05:03:28','2020-01-03 05:03:28'),(135,NULL,NULL,NULL,NULL,NULL,'parisian.jaylan@gmail.com',NULL,NULL,NULL,'ROLE_USER_ADMIN',NULL,NULL,'2020-01-03 05:07:22','2020-01-03 05:07:22'),(136,NULL,NULL,NULL,NULL,NULL,'garfield.ziemann@gmail.com',NULL,NULL,NULL,'ROLE_USER_ADMIN',NULL,NULL,'2020-01-03 05:07:22','2020-01-03 05:07:22'),(137,NULL,NULL,NULL,NULL,NULL,'arch73@cormier.net',NULL,NULL,NULL,'ROLE_USER_ADMIN',NULL,NULL,'2020-01-03 05:07:28','2020-01-03 05:07:28'),(138,NULL,NULL,NULL,NULL,NULL,'eleanore54@okuneva.net',NULL,NULL,NULL,'ROLE_USER_ADMIN',NULL,NULL,'2020-01-03 05:07:28','2020-01-03 05:07:28'),(139,NULL,NULL,NULL,NULL,NULL,'ianderson@gmail.com',NULL,NULL,NULL,'ROLE_USER_ADMIN',NULL,NULL,'2020-01-03 05:07:43','2020-01-03 05:07:43'),(140,NULL,NULL,NULL,NULL,NULL,'keegan89@nader.org',NULL,NULL,NULL,'ROLE_USER_ADMIN',NULL,NULL,'2020-01-03 05:07:43','2020-01-03 05:07:43'),(141,NULL,NULL,NULL,NULL,NULL,'kelli.dietrich@gmail.com',NULL,NULL,NULL,'ROLE_USER_ADMIN',NULL,NULL,'2020-01-03 05:08:21','2020-01-03 05:08:21'),(142,NULL,NULL,NULL,NULL,NULL,'gus.hill@labadie.com',NULL,NULL,NULL,'ROLE_USER_ADMIN',NULL,NULL,'2020-01-03 05:08:21','2020-01-03 05:08:21'),(143,NULL,NULL,NULL,NULL,NULL,'wbrown@rolfson.org',NULL,NULL,NULL,'ROLE_USER_ADMIN',NULL,NULL,'2020-01-03 05:08:45','2020-01-03 05:08:45'),(144,NULL,NULL,NULL,NULL,NULL,'brown45@cassin.com',NULL,NULL,NULL,'ROLE_USER_ADMIN',NULL,NULL,'2020-01-03 05:08:46','2020-01-03 05:08:46'),(145,NULL,NULL,NULL,NULL,NULL,'susan30@hotmail.com',NULL,NULL,NULL,'ROLE_USER_ADMIN',NULL,NULL,'2020-01-03 05:13:06','2020-01-03 05:13:06'),(146,NULL,NULL,NULL,NULL,NULL,'halvorson.august@hotmail.com',NULL,NULL,NULL,'ROLE_USER_ADMIN',NULL,NULL,'2020-01-03 05:13:29','2020-01-03 05:13:29'),(147,NULL,NULL,NULL,NULL,NULL,'london.mcglynn@bechtelar.com',NULL,NULL,NULL,'ROLE_USER_ADMIN',NULL,NULL,'2020-01-03 05:13:45','2020-01-03 05:13:45'),(148,NULL,NULL,NULL,NULL,NULL,'rod40@yahoo.com',NULL,NULL,NULL,'ROLE_USER_ADMIN',NULL,NULL,'2020-01-03 05:13:45','2020-01-03 05:13:45'),(149,NULL,NULL,NULL,NULL,NULL,'rolando83@yahoo.com',NULL,NULL,NULL,'ROLE_USER_ADMIN',NULL,NULL,'2020-01-03 05:15:59','2020-01-03 05:15:59'),(150,NULL,NULL,NULL,NULL,NULL,'xokeefe@gmail.com',NULL,NULL,NULL,'ROLE_USER_ADMIN',NULL,NULL,'2020-01-03 05:15:59','2020-01-03 05:15:59'),(151,NULL,NULL,NULL,NULL,NULL,'edwardo55@erdman.biz',NULL,NULL,NULL,'ROLE_USER_ADMIN',NULL,NULL,'2020-01-03 05:16:28','2020-01-03 05:16:28'),(152,NULL,NULL,NULL,NULL,NULL,'daisy.blanda@hotmail.com',NULL,NULL,NULL,'ROLE_USER_ADMIN',NULL,NULL,'2020-01-03 05:16:29','2020-01-03 05:16:29'),(153,NULL,NULL,NULL,NULL,NULL,'katarina.legros@christiansen.com',NULL,NULL,NULL,'ROLE_USER_ADMIN',NULL,NULL,'2020-01-03 05:16:36','2020-01-03 05:16:36'),(154,NULL,NULL,NULL,NULL,NULL,'baron38@beatty.com',NULL,NULL,NULL,'ROLE_USER_ADMIN',NULL,NULL,'2020-01-03 05:16:37','2020-01-03 05:16:37'),(155,NULL,NULL,NULL,NULL,NULL,'margarette92@reynolds.com',NULL,NULL,NULL,'ROLE_USER_ADMIN',NULL,NULL,'2020-01-03 05:20:53','2020-01-03 05:20:53'),(156,NULL,NULL,NULL,NULL,NULL,'chaim93@yahoo.com',NULL,NULL,NULL,'ROLE_USER_ADMIN',NULL,NULL,'2020-01-03 05:20:53','2020-01-03 05:20:53'),(157,NULL,NULL,NULL,NULL,NULL,'chirthe@yahoo.com',NULL,NULL,NULL,'ROLE_USER_ADMIN',NULL,NULL,'2020-01-03 05:21:25','2020-01-03 05:21:25'),(158,NULL,NULL,NULL,NULL,NULL,'weimann.westley@kuhn.com',NULL,NULL,NULL,'ROLE_USER_ADMIN',NULL,NULL,'2020-01-03 05:21:25','2020-01-03 05:21:25'),(159,NULL,NULL,NULL,NULL,NULL,'lprohaska@sauer.info',NULL,NULL,NULL,'ROLE_USER_ADMIN',NULL,NULL,'2020-01-03 05:21:55','2020-01-03 05:21:55'),(160,NULL,NULL,NULL,NULL,NULL,'monserrat.osinski@corkery.com',NULL,NULL,NULL,'ROLE_USER_ADMIN',NULL,NULL,'2020-01-03 05:21:56','2020-01-03 05:21:56'),(161,NULL,NULL,NULL,NULL,NULL,'willard.hodkiewicz@hintz.com',NULL,NULL,NULL,'ROLE_USER_ADMIN',NULL,NULL,'2020-01-03 05:24:07','2020-01-03 05:24:07'),(162,NULL,NULL,NULL,NULL,NULL,'ospencer@pagac.com',NULL,NULL,NULL,'ROLE_USER_ADMIN',NULL,NULL,'2020-01-03 05:24:07','2020-01-03 05:24:07'),(163,NULL,NULL,NULL,NULL,NULL,'diamond.sanford@gmail.com',NULL,NULL,NULL,'ROLE_USER_ADMIN',NULL,NULL,'2020-01-03 05:24:22','2020-01-03 05:24:22'),(164,NULL,NULL,NULL,NULL,NULL,'gerda77@schaefer.com',NULL,NULL,NULL,'ROLE_USER_ADMIN',NULL,NULL,'2020-01-03 05:24:22','2020-01-03 05:24:22'),(165,NULL,NULL,NULL,NULL,NULL,'bud86@schmitt.com',NULL,NULL,NULL,'ROLE_USER_ADMIN',NULL,NULL,'2020-01-03 05:24:30','2020-01-03 05:24:30'),(166,NULL,NULL,NULL,NULL,NULL,'newton.lockman@gmail.com',NULL,NULL,NULL,'ROLE_USER_ADMIN',NULL,NULL,'2020-01-03 05:24:31','2020-01-03 05:24:31'),(167,NULL,NULL,NULL,NULL,NULL,'waino.stark@hotmail.com',NULL,NULL,NULL,'ROLE_USER_ADMIN',NULL,NULL,'2020-01-03 10:48:34','2020-01-03 10:48:34'),(168,NULL,NULL,NULL,NULL,NULL,'enola.zboncak@gmail.com',NULL,NULL,NULL,'ROLE_USER_ADMIN',NULL,NULL,'2020-01-03 10:48:35','2020-01-03 10:48:35'),(169,NULL,NULL,NULL,NULL,NULL,'korbin73@gmail.com',NULL,NULL,NULL,'ROLE_USER_ADMIN',NULL,NULL,'2020-01-03 10:48:56','2020-01-03 10:48:56'),(170,NULL,NULL,NULL,NULL,NULL,'hwest@beatty.com',NULL,NULL,NULL,'ROLE_USER_ADMIN',NULL,NULL,'2020-01-03 10:48:56','2020-01-03 10:48:56'),(171,NULL,NULL,NULL,NULL,NULL,'shanna.herzog@yahoo.com',NULL,NULL,NULL,'ROLE_USER_ADMIN',NULL,NULL,'2020-01-03 10:49:59','2020-01-03 10:49:59'),(172,NULL,NULL,NULL,NULL,NULL,'travis03@yahoo.com',NULL,NULL,NULL,'ROLE_USER_ADMIN',NULL,NULL,'2020-01-03 10:49:59','2020-01-03 10:49:59'),(173,NULL,NULL,NULL,NULL,NULL,'lwaters@yahoo.com',NULL,NULL,NULL,'ROLE_USER_ADMIN',NULL,NULL,'2020-01-03 10:52:34','2020-01-03 10:52:34'),(174,NULL,NULL,NULL,NULL,NULL,'ciara.cartwright@gmail.com',NULL,NULL,NULL,'ROLE_USER_ADMIN',NULL,NULL,'2020-01-03 10:56:27','2020-01-03 10:56:27'),(175,NULL,NULL,NULL,NULL,NULL,'alford21@mraz.com',NULL,NULL,NULL,'ROLE_USER_ADMIN',NULL,NULL,'2020-01-03 10:56:27','2020-01-03 10:56:27'),(176,NULL,NULL,NULL,NULL,NULL,'harmony81@yahoo.com',NULL,NULL,NULL,'ROLE_USER_ADMIN',NULL,NULL,'2020-01-03 10:56:48','2020-01-03 10:56:48'),(177,NULL,NULL,NULL,NULL,NULL,'rledner@marks.biz',NULL,NULL,NULL,'ROLE_USER_ADMIN',NULL,NULL,'2020-01-03 10:56:48','2020-01-03 10:56:48'),(178,NULL,NULL,NULL,NULL,NULL,'giovanna.reilly@boehm.com',NULL,NULL,NULL,'ROLE_USER_ADMIN',NULL,NULL,'2020-01-03 10:57:16','2020-01-03 10:57:16'),(179,NULL,NULL,NULL,NULL,NULL,'harmony.harber@gmail.com',NULL,NULL,NULL,'ROLE_USER_ADMIN',NULL,NULL,'2020-01-03 10:57:20','2020-01-03 10:57:20'),(180,NULL,NULL,NULL,NULL,NULL,'twyman@ferry.com',NULL,NULL,NULL,'ROLE_USER_ADMIN',NULL,NULL,'2020-01-03 10:57:20','2020-01-03 10:57:20'),(181,NULL,NULL,NULL,NULL,NULL,'mpowlowski@hotmail.com',NULL,NULL,NULL,'ROLE_USER_ADMIN',NULL,NULL,'2020-01-03 10:58:15','2020-01-03 10:58:15'),(182,NULL,NULL,NULL,NULL,NULL,'lily.jakubowski@lind.com',NULL,NULL,NULL,'ROLE_USER_ADMIN',NULL,NULL,'2020-01-03 10:58:15','2020-01-03 10:58:15'),(183,NULL,NULL,NULL,NULL,NULL,'laney.rempel@crona.net',NULL,NULL,NULL,'ROLE_USER_ADMIN',NULL,NULL,'2020-01-03 10:59:11','2020-01-03 10:59:11'),(184,NULL,NULL,NULL,NULL,NULL,'gleannon@hotmail.com',NULL,NULL,NULL,'ROLE_USER_ADMIN',NULL,NULL,'2020-01-03 10:59:11','2020-01-03 10:59:11'),(185,NULL,NULL,NULL,NULL,NULL,'hester.jaskolski@yahoo.com',NULL,NULL,NULL,'ROLE_USER_ADMIN',NULL,NULL,'2020-01-03 11:01:17','2020-01-03 11:01:17'),(186,NULL,NULL,NULL,NULL,NULL,'shields.nelson@hamill.com',NULL,NULL,NULL,'ROLE_USER_ADMIN',NULL,NULL,'2020-01-03 11:01:17','2020-01-03 11:01:17'),(187,NULL,NULL,NULL,NULL,NULL,'iankunding@krajcik.net',NULL,NULL,NULL,'ROLE_USER_ADMIN',NULL,NULL,'2020-01-03 11:02:22','2020-01-03 11:02:22'),(188,NULL,NULL,NULL,NULL,NULL,'ckessler@gmail.com',NULL,NULL,NULL,'ROLE_USER_ADMIN',NULL,NULL,'2020-01-03 11:02:22','2020-01-03 11:02:22'),(189,NULL,NULL,NULL,NULL,NULL,'sabernathy@gmail.com',NULL,NULL,NULL,'ROLE_USER_ADMIN',NULL,NULL,'2020-01-03 11:04:28','2020-01-03 11:04:28'),(190,NULL,NULL,NULL,NULL,NULL,'christiana53@yahoo.com',NULL,NULL,NULL,'ROLE_USER_ADMIN',NULL,NULL,'2020-01-03 11:04:28','2020-01-03 11:04:28'),(191,NULL,NULL,NULL,NULL,NULL,'leannon.marcia@yahoo.com',NULL,NULL,NULL,'ROLE_USER_ADMIN',NULL,NULL,'2020-01-03 11:05:03','2020-01-03 11:05:03'),(192,NULL,NULL,NULL,NULL,NULL,'ejakubowski@ullrich.info',NULL,NULL,NULL,'ROLE_USER_ADMIN',NULL,NULL,'2020-01-03 11:05:03','2020-01-03 11:05:03'),(193,NULL,NULL,NULL,NULL,NULL,'herzog.aurelie@gmail.com',NULL,NULL,NULL,'ROLE_USER_ADMIN',NULL,NULL,'2020-01-03 11:05:22','2020-01-03 11:05:22'),(194,NULL,NULL,NULL,NULL,NULL,'verda07@muller.net',NULL,NULL,NULL,'ROLE_USER_ADMIN',NULL,NULL,'2020-01-03 11:05:22','2020-01-03 11:05:22'),(195,NULL,NULL,NULL,NULL,NULL,'elvera.bode@yahoo.com',NULL,NULL,NULL,'ROLE_USER_ADMIN',NULL,NULL,'2020-01-03 11:06:05','2020-01-03 11:06:05'),(196,NULL,NULL,NULL,NULL,NULL,'schoen.constance@gmail.com',NULL,NULL,NULL,'ROLE_USER_ADMIN',NULL,NULL,'2020-01-03 11:06:05','2020-01-03 11:06:05'),(197,NULL,NULL,NULL,NULL,NULL,'shanie.schaefer@yahoo.com',NULL,NULL,NULL,'ROLE_USER_ADMIN',NULL,NULL,'2020-01-03 11:06:40','2020-01-03 11:06:40'),(198,NULL,NULL,NULL,NULL,NULL,'carolanne.bruen@gmail.com',NULL,NULL,NULL,'ROLE_USER_ADMIN',NULL,NULL,'2020-01-03 11:06:40','2020-01-03 11:06:40'),(199,NULL,NULL,NULL,NULL,NULL,'jasper.fadel@hotmail.com',NULL,NULL,NULL,'ROLE_USER_ADMIN',NULL,NULL,'2020-01-03 11:07:15','2020-01-03 11:07:15'),(200,NULL,NULL,NULL,NULL,NULL,'abbie.rogahn@hotmail.com',NULL,NULL,NULL,'ROLE_USER_ADMIN',NULL,NULL,'2020-01-03 11:07:16','2020-01-03 11:07:16'),(201,NULL,NULL,NULL,NULL,NULL,'pvolkman@cronin.net',NULL,NULL,NULL,'ROLE_USER_ADMIN',NULL,NULL,'2020-01-03 11:09:49','2020-01-03 11:09:49'),(202,NULL,NULL,NULL,NULL,NULL,'sschmidt@yahoo.com',NULL,NULL,NULL,'ROLE_USER_ADMIN',NULL,NULL,'2020-01-03 11:09:49','2020-01-03 11:09:49'),(203,NULL,NULL,NULL,NULL,NULL,'kulas.jerrod@gmail.com',NULL,NULL,NULL,'ROLE_USER_ADMIN',NULL,NULL,'2020-01-03 11:10:02','2020-01-03 11:10:02'),(204,NULL,NULL,NULL,NULL,NULL,'abshire.raquel@becker.com',NULL,NULL,NULL,'ROLE_USER_ADMIN',NULL,NULL,'2020-01-03 11:10:02','2020-01-03 11:10:02'),(205,NULL,NULL,NULL,NULL,NULL,'bgoldner@hayes.com',NULL,NULL,NULL,'ROLE_USER_ADMIN',NULL,NULL,'2020-01-03 11:10:11','2020-01-03 11:10:11'),(206,NULL,NULL,NULL,NULL,NULL,'hilbert55@mueller.com',NULL,NULL,NULL,'ROLE_USER_ADMIN',NULL,NULL,'2020-01-03 11:10:11','2020-01-03 11:10:11'),(207,NULL,NULL,NULL,NULL,NULL,'major81@skiles.com',NULL,NULL,NULL,'ROLE_USER_ADMIN',NULL,NULL,'2020-01-03 11:12:32','2020-01-03 11:12:32'),(208,NULL,NULL,NULL,NULL,NULL,'katlynn09@bergstrom.com',NULL,NULL,NULL,'ROLE_USER_ADMIN',NULL,NULL,'2020-01-03 11:12:32','2020-01-03 11:12:32'),(209,NULL,NULL,NULL,NULL,NULL,'kacie55@yahoo.com',NULL,NULL,NULL,'ROLE_USER_ADMIN',NULL,NULL,'2020-01-03 11:13:53','2020-01-03 11:13:53'),(210,NULL,NULL,NULL,NULL,NULL,'ykeebler@gmail.com',NULL,NULL,NULL,'ROLE_USER_ADMIN',NULL,NULL,'2020-01-03 11:13:53','2020-01-03 11:13:53'),(211,NULL,NULL,NULL,NULL,NULL,'qharris@bartell.com',NULL,NULL,NULL,'ROLE_USER_ADMIN',NULL,NULL,'2020-01-03 11:14:35','2020-01-03 11:14:35'),(212,NULL,NULL,NULL,NULL,NULL,'ramona87@heller.com',NULL,NULL,NULL,'ROLE_USER_ADMIN',NULL,NULL,'2020-01-03 11:14:35','2020-01-03 11:14:35'),(213,NULL,NULL,NULL,NULL,NULL,'hank.flatley@hotmail.com',NULL,NULL,NULL,'ROLE_USER_ADMIN',NULL,NULL,'2020-01-03 11:14:42','2020-01-03 11:14:42'),(214,NULL,NULL,NULL,NULL,NULL,'ayden71@huel.com',NULL,NULL,NULL,'ROLE_USER_ADMIN',NULL,NULL,'2020-01-03 11:14:42','2020-01-03 11:14:42'),(215,NULL,NULL,NULL,NULL,NULL,'qhaley@bayer.com',NULL,NULL,NULL,'ROLE_USER_ADMIN',NULL,NULL,'2020-01-03 11:15:00','2020-01-03 11:15:00'),(216,NULL,NULL,NULL,NULL,NULL,'verlie.padberg@yahoo.com',NULL,NULL,NULL,'ROLE_USER_ADMIN',NULL,NULL,'2020-01-03 11:15:00','2020-01-03 11:15:00'),(217,NULL,NULL,NULL,NULL,NULL,'casandra20@prohaska.com',NULL,NULL,NULL,'ROLE_USER_ADMIN',NULL,NULL,'2020-01-03 11:15:19','2020-01-03 11:15:19'),(218,NULL,NULL,NULL,NULL,NULL,'sigurd.huel@yahoo.com',NULL,NULL,NULL,'ROLE_USER_ADMIN',NULL,NULL,'2020-01-03 11:15:19','2020-01-03 11:15:19'),(219,NULL,NULL,NULL,NULL,NULL,'velva.beier@gmail.com',NULL,NULL,NULL,'ROLE_USER_ADMIN',NULL,NULL,'2020-01-03 11:15:30','2020-01-03 11:15:30'),(220,NULL,NULL,NULL,NULL,NULL,'abe58@okuneva.com',NULL,NULL,NULL,'ROLE_USER_ADMIN',NULL,NULL,'2020-01-03 11:15:30','2020-01-03 11:15:30'),(221,NULL,NULL,NULL,NULL,NULL,'lchristiansen@hotmail.com',NULL,NULL,NULL,'ROLE_USER_ADMIN',NULL,NULL,'2020-01-03 11:15:34','2020-01-03 11:15:34'),(222,NULL,NULL,NULL,NULL,NULL,'vern.hudson@yundt.com',NULL,NULL,NULL,'ROLE_USER_ADMIN',NULL,NULL,'2020-01-03 11:15:34','2020-01-03 11:15:34'),(223,NULL,NULL,NULL,NULL,NULL,'kyra09@rodriguez.com',NULL,NULL,NULL,'ROLE_USER_ADMIN',NULL,NULL,'2020-01-03 11:23:51','2020-01-03 11:23:51'),(224,NULL,NULL,NULL,NULL,NULL,'qratke@hahn.com',NULL,NULL,NULL,'ROLE_USER_ADMIN',NULL,NULL,'2020-01-03 11:23:51','2020-01-03 11:23:51'),(225,NULL,NULL,NULL,NULL,NULL,'santina.bartoletti@yahoo.com',NULL,NULL,NULL,'ROLE_USER_ADMIN',NULL,NULL,'2020-01-03 11:26:11','2020-01-03 11:26:11'),(226,NULL,NULL,NULL,NULL,NULL,'karolann.bauch@yahoo.com',NULL,NULL,NULL,'ROLE_USER_ADMIN',NULL,NULL,'2020-01-03 11:26:11','2020-01-03 11:26:11'),(227,NULL,NULL,NULL,NULL,NULL,'rylan60@gmail.com',NULL,NULL,NULL,'ROLE_USER_ADMIN',NULL,NULL,'2020-01-03 11:26:21','2020-01-03 11:26:21'),(228,NULL,NULL,NULL,NULL,NULL,'koepp.giovanny@crooks.com',NULL,NULL,NULL,'ROLE_USER_ADMIN',NULL,NULL,'2020-01-03 11:37:16','2020-01-03 11:37:16'),(229,NULL,NULL,NULL,NULL,NULL,'heath27@bosco.com',NULL,NULL,NULL,'ROLE_USER_ADMIN',NULL,NULL,'2020-01-03 11:37:16','2020-01-03 11:37:16'),(230,NULL,NULL,NULL,NULL,NULL,'sfarrell@hudson.net',NULL,NULL,NULL,'ROLE_USER_ADMIN',NULL,NULL,'2020-01-03 11:38:47','2020-01-03 11:38:47'),(231,NULL,NULL,NULL,NULL,NULL,'hayes.santa@casper.info',NULL,NULL,NULL,'ROLE_USER_ADMIN',NULL,NULL,'2020-01-03 11:38:47','2020-01-03 11:38:47'),(232,NULL,NULL,NULL,NULL,NULL,'krystal64@thiel.com',NULL,NULL,NULL,'ROLE_USER_ADMIN',NULL,NULL,'2020-01-03 11:40:04','2020-01-03 11:40:04'),(233,NULL,NULL,NULL,NULL,NULL,'fvon@gmail.com',NULL,NULL,NULL,'ROLE_USER_ADMIN',NULL,NULL,'2020-01-03 11:40:04','2020-01-03 11:40:04'),(234,NULL,NULL,NULL,NULL,NULL,'cesar.wolf@dibbert.com',NULL,NULL,NULL,'ROLE_USER_ADMIN',NULL,NULL,'2020-01-03 11:40:40','2020-01-03 11:40:40'),(235,NULL,NULL,NULL,NULL,NULL,'ymraz@konopelski.com',NULL,NULL,NULL,'ROLE_USER_ADMIN',NULL,NULL,'2020-01-03 11:40:40','2020-01-03 11:40:40');
/*!40000 ALTER TABLE `admins` ENABLE KEYS */;
UNLOCK TABLES;

--
-- Table structure for table `bacs`
--

DROP TABLE IF EXISTS `bacs`;
/*!40101 SET @saved_cs_client     = @@character_set_client */;
/*!40101 SET character_set_client = utf8 */;
CREATE TABLE `bacs` (
  `id` bigint(20) unsigned NOT NULL AUTO_INCREMENT,
  `etudiant_id` bigint(20) unsigned NOT NULL,
  `moyenne` double(8,2) NOT NULL,
  `region` varchar(255) COLLATE utf8mb4_unicode_ci DEFAULT NULL,
  `filiere` varchar(255) COLLATE utf8mb4_unicode_ci NOT NULL,
  `attestation` varchar(255) COLLATE utf8mb4_unicode_ci NOT NULL,
  `relevai` varchar(255) COLLATE utf8mb4_unicode_ci NOT NULL,
  `created_at` timestamp NULL DEFAULT NULL,
  `updated_at` timestamp NULL DEFAULT NULL,
  PRIMARY KEY (`id`),
  KEY `bacs_etudiant_id_index` (`etudiant_id`),
  CONSTRAINT `bacs_etudiant_id_foreign` FOREIGN KEY (`etudiant_id`) REFERENCES `etudiants` (`id`) ON DELETE CASCADE
) ENGINE=InnoDB AUTO_INCREMENT=9 DEFAULT CHARSET=utf8mb4 COLLATE=utf8mb4_unicode_ci;
/*!40101 SET character_set_client = @saved_cs_client */;

--
-- Dumping data for table `bacs`
--

LOCK TABLES `bacs` WRITE;
/*!40000 ALTER TABLE `bacs` DISABLE KEYS */;
INSERT INTO `bacs` VALUES (1,1,17.17,'Alger','MATH','http://localhost:8001/storage/bac/attestation/1574484526jpeg','http://localhost:8001/storage/bac/relevai/1574484526png','2019-11-23 03:48:46','2019-11-23 03:48:46'),(2,2,17.17,'Alger','MATH','http://localhost:8001/storage/bac/attestation/1574485131jpeg','http://localhost:8001/storage/bac/relevai/1574485131png','2019-11-23 03:58:51','2019-11-23 03:58:51'),(6,6,16.16,'Constantine','Math','http://localhost:8001/storage/bac/attestation/1574489252jpeg','http://localhost:8001/storage/bac/relevai/1574489252png','2019-11-23 05:07:32','2019-11-23 05:07:32'),(7,7,15.15,'constantine','MATH','http://localhost:8001/storage/bac/attestation/1574520614jpeg','http://localhost:8001/storage/bac/relevai/1574520614png','2019-11-23 13:50:14','2019-11-23 13:50:14'),(8,8,15.48,'constantine','Math','http://localhost:8001/storage/bac/attestation/1574520773jpg','http://localhost:8001/storage/bac/relevai/1574520773png','2019-11-23 13:52:53','2019-11-23 13:52:53');
/*!40000 ALTER TABLE `bacs` ENABLE KEYS */;
UNLOCK TABLES;

--
-- Table structure for table `enseignants`
--

DROP TABLE IF EXISTS `enseignants`;
/*!40101 SET @saved_cs_client     = @@character_set_client */;
/*!40101 SET character_set_client = utf8 */;
CREATE TABLE `enseignants` (
  `id` bigint(20) unsigned NOT NULL AUTO_INCREMENT,
  `nom` varchar(255) COLLATE utf8mb4_unicode_ci DEFAULT NULL,
  `prenom` varchar(255) COLLATE utf8mb4_unicode_ci DEFAULT NULL,
  `age` int(11) DEFAULT NULL,
  `adresse` varchar(255) COLLATE utf8mb4_unicode_ci DEFAULT NULL,
  `telephone` varchar(255) COLLATE utf8mb4_unicode_ci DEFAULT NULL,
  `email` varchar(255) COLLATE utf8mb4_unicode_ci NOT NULL,
  `password` varchar(255) COLLATE utf8mb4_unicode_ci DEFAULT NULL,
  `provider` varchar(255) COLLATE utf8mb4_unicode_ci DEFAULT NULL,
  `provider_id` varchar(255) COLLATE utf8mb4_unicode_ci DEFAULT NULL,
  `role` varchar(255) COLLATE utf8mb4_unicode_ci NOT NULL DEFAULT 'ROLE_USER_ENGEIGNANT',
  `photo` varchar(255) COLLATE utf8mb4_unicode_ci DEFAULT NULL,
  `video` varchar(255) COLLATE utf8mb4_unicode_ci DEFAULT NULL,
  `cv` varchar(255) COLLATE utf8mb4_unicode_ci DEFAULT NULL,
  `remember_token` varchar(100) COLLATE utf8mb4_unicode_ci DEFAULT NULL,
  `created_at` timestamp NULL DEFAULT NULL,
  `updated_at` timestamp NULL DEFAULT NULL,
  PRIMARY KEY (`id`),
  UNIQUE KEY `enseignants_email_unique` (`email`)
) ENGINE=InnoDB DEFAULT CHARSET=utf8mb4 COLLATE=utf8mb4_unicode_ci;
/*!40101 SET character_set_client = @saved_cs_client */;

--
-- Dumping data for table `enseignants`
--

LOCK TABLES `enseignants` WRITE;
/*!40000 ALTER TABLE `enseignants` DISABLE KEYS */;
/*!40000 ALTER TABLE `enseignants` ENABLE KEYS */;
UNLOCK TABLES;

--
-- Table structure for table `etudiantDocuments`
--

DROP TABLE IF EXISTS `etudiantDocuments`;
/*!40101 SET @saved_cs_client     = @@character_set_client */;
/*!40101 SET character_set_client = utf8 */;
CREATE TABLE `etudiantDocuments` (
  `id` bigint(20) unsigned NOT NULL AUTO_INCREMENT,
  `etudiant_id` bigint(20) unsigned NOT NULL,
  `moyenne` double(8,2) NOT NULL,
  `univ` varchar(255) COLLATE utf8mb4_unicode_ci DEFAULT NULL,
  `resultat` varchar(255) COLLATE utf8mb4_unicode_ci NOT NULL,
  `title` varchar(255) COLLATE utf8mb4_unicode_ci NOT NULL,
  `year` varchar(255) COLLATE utf8mb4_unicode_ci NOT NULL,
  `attestation` varchar(255) COLLATE utf8mb4_unicode_ci NOT NULL,
  `relevai` varchar(255) COLLATE utf8mb4_unicode_ci NOT NULL,
  `created_at` timestamp NULL DEFAULT NULL,
  `updated_at` timestamp NULL DEFAULT NULL,
  PRIMARY KEY (`id`),
  KEY `etudiantdocuments_etudiant_id_index` (`etudiant_id`),
  CONSTRAINT `etudiantdocuments_etudiant_id_foreign` FOREIGN KEY (`etudiant_id`) REFERENCES `etudiants` (`id`) ON DELETE CASCADE
) ENGINE=InnoDB AUTO_INCREMENT=25 DEFAULT CHARSET=utf8mb4 COLLATE=utf8mb4_unicode_ci;
/*!40101 SET character_set_client = @saved_cs_client */;

--
-- Dumping data for table `etudiantDocuments`
--

LOCK TABLES `etudiantDocuments` WRITE;
/*!40000 ALTER TABLE `etudiantDocuments` DISABLE KEYS */;
INSERT INTO `etudiantDocuments` VALUES (1,1,15.15,'ESI','Admis','(2017 - 2018)','1','http://localhost:8001/storage/year/certificat/1574484526PNG','http://localhost:8001/storage/year/relevai/1574484526png','2019-11-23 03:48:46','2019-11-23 03:48:46'),(2,1,14.14,'ESI','Admis','(2018 - 2019)','2','http://localhost:8001/storage/year/certificat/1574484526PNG','http://localhost:8001/storage/year/relevai/1574484526png','2019-11-23 03:48:46','2019-11-23 03:48:46'),(3,2,15.15,'ESI','Admis','(2017 - 2018)','1','http://localhost:8001/storage/year/certificat/1574485131PNG','http://localhost:8001/storage/year/relevai/1574485131png','2019-11-23 03:58:51','2019-11-23 03:58:51'),(4,2,14.14,'ESI','Admis','(2018 - 2019)','2','http://localhost:8001/storage/year/certificat/1574485132PNG','http://localhost:8001/storage/year/relevai/1574485132png','2019-11-23 03:58:52','2019-11-23 03:58:52'),(17,6,14.14,'ESI','Admis','(2015 - 2016)','1','http://localhost:8001/storage/year/certificat/1574489252PNG','http://localhost:8001/storage/year/relevai/1574489252png','2019-11-23 05:07:32','2019-11-23 05:07:32'),(18,6,13.00,'ESI','Admis','(2016 - 2017)','2','http://localhost:8001/storage/year/certificat/1574489252PNG','http://localhost:8001/storage/year/relevai/1574489252png','2019-11-23 05:07:32','2019-11-23 05:07:32'),(19,6,0.00,'ESI','Maladie','(2017 - 2018)','1','http://localhost:8001/storage/year/certificat/1574489252jpg','http://localhost:8001/storage/year/relevai/1574489252png','2019-11-23 05:07:32','2019-11-23 05:07:32'),(20,6,9.23,'ESI','Redoublant','(2018 - 2019)','1','http://localhost:8001/storage/year/certificat/1574489252jpg','http://localhost:8001/storage/year/relevai/1574489252png','2019-11-23 05:07:32','2019-11-23 05:07:32'),(21,8,14.00,'ESI','Admis','(2015 - 2016)','1','http://localhost:8001/storage/year/certificat/1574520773PNG','http://localhost:8001/storage/year/relevai/1574520773png','2019-11-23 13:52:53','2019-11-23 13:52:53'),(22,8,13.15,'ESI','Admis','(2016 - 2017)','2','http://localhost:8001/storage/year/certificat/1574520773PNG','http://localhost:8001/storage/year/relevai/1574520773png','2019-11-23 13:52:53','2019-11-23 13:52:53'),(23,8,0.00,'ESI','Maladie','(2017 - 2018)','3','http://localhost:8001/storage/year/certificat/1574520774PNG','http://localhost:8001/storage/year/relevai/1574520774png','2019-11-23 13:52:54','2019-11-23 13:52:54'),(24,8,9.23,'ESI','Redoublant','(2018 - 2019)','3','http://localhost:8001/storage/year/certificat/1574520774PNG','http://localhost:8001/storage/year/relevai/1574520774png','2019-11-23 13:52:54','2019-11-23 13:52:54');
/*!40000 ALTER TABLE `etudiantDocuments` ENABLE KEYS */;
UNLOCK TABLES;

--
-- Table structure for table `etudiants`
--

DROP TABLE IF EXISTS `etudiants`;
/*!40101 SET @saved_cs_client     = @@character_set_client */;
/*!40101 SET character_set_client = utf8 */;
CREATE TABLE `etudiants` (
  `id` bigint(20) unsigned NOT NULL AUTO_INCREMENT,
  `pic` varchar(255) COLLATE utf8mb4_unicode_ci DEFAULT NULL,
  `name` varchar(255) COLLATE utf8mb4_unicode_ci DEFAULT NULL,
  `lastname` varchar(255) COLLATE utf8mb4_unicode_ci DEFAULT NULL,
  `sex` char(255) COLLATE utf8mb4_unicode_ci DEFAULT NULL,
  `naissance` date DEFAULT NULL,
  `lieu` varchar(255) COLLATE utf8mb4_unicode_ci DEFAULT NULL,
  `currentYear` int(11) DEFAULT NULL,
  `bacYear` int(11) DEFAULT NULL,
  `adresse` varchar(255) COLLATE utf8mb4_unicode_ci DEFAULT NULL,
  `phone` varchar(255) COLLATE utf8mb4_unicode_ci DEFAULT NULL,
  `email` varchar(255) COLLATE utf8mb4_unicode_ci NOT NULL,
  `password` varchar(255) COLLATE utf8mb4_unicode_ci DEFAULT NULL,
  `role` varchar(255) COLLATE utf8mb4_unicode_ci NOT NULL DEFAULT 'ROLE_USER_ETUDIANT',
  `remember_token` varchar(100) COLLATE utf8mb4_unicode_ci DEFAULT NULL,
  `created_at` timestamp NULL DEFAULT NULL,
  `updated_at` timestamp NULL DEFAULT NULL,
  PRIMARY KEY (`id`),
  UNIQUE KEY `etudiants_email_unique` (`email`)
) ENGINE=InnoDB AUTO_INCREMENT=9 DEFAULT CHARSET=utf8mb4 COLLATE=utf8mb4_unicode_ci;
/*!40101 SET character_set_client = @saved_cs_client */;

--
-- Dumping data for table `etudiants`
--

LOCK TABLES `etudiants` WRITE;
/*!40000 ALTER TABLE `etudiants` DISABLE KEYS */;
INSERT INTO `etudiants` VALUES (1,NULL,'Mezani','Lilia','f','1999-02-02','Alger',3,2017,'Alger','0554896231','hl_mezani@esi.dz','$2y$10$J2Nmw2f7c0FZ9fDo6QJGjOcp76bJ0vDrD9in3U6/hsgOHXeQDLZBu','ROLE_USER_ETUDIANT',NULL,'2019-11-23 03:48:46','2019-11-23 05:08:46'),(2,NULL,'Lairedj','Siham','f','1999-02-02','Alger',3,2017,'Alger','0554689532','hs_lairedj@esi.dz','$2y$10$Ksn1kYsEaTAjqAB1H89L0uYm25ccMHhNnz69WYy/bf8laEBEE1BAu','ROLE_USER_ETUDIANT',NULL,'2019-11-23 03:58:51','2019-11-23 05:08:58'),(6,NULL,'Etudiant','5eme','m','1996-04-03','Constantine',5,2015,'Constantine','0773439461','abdou@test.dz','$2y$10$WxPejImJGhyLuhmDpc0n2OPNDA/X8i2iKGEGVGy1pyFIdrBwtR/fm','ROLE_USER_ETUDIANT',NULL,'2019-11-23 05:07:32','2019-11-23 05:07:32'),(7,NULL,'abdou','etuidiant1CPI','m','1999-04-06','constantine',1,2019,'constantine','0664360682','fa_badeche@esi.dz','$2y$10$xZRz2SgV8mZbtoEudKGRuejEXuyebsLChmrJGN4f2NkIrFawupXQW','ROLE_USER_ETUDIANT',NULL,'2019-11-23 13:50:14','2019-11-23 13:50:14'),(8,'http://localhost:8001/storage/img/1574520773jpg','Badeche','Abdennour','m','1996-04-03','Constantine',3,2015,'Constantine','0664360682','abdou.badeche@gmail.com','$2y$10$s37Zu7XcoM5lqYgrOI5M5.gjaSPTbHHUBmnfvQ1yy.oRRliLGMGne','ROLE_USER_ETUDIANT',NULL,'2019-11-23 13:52:53','2019-11-23 13:52:53');
/*!40000 ALTER TABLE `etudiants` ENABLE KEYS */;
UNLOCK TABLES;

--
-- Table structure for table `failed_jobs`
--

DROP TABLE IF EXISTS `failed_jobs`;
/*!40101 SET @saved_cs_client     = @@character_set_client */;
/*!40101 SET character_set_client = utf8 */;
CREATE TABLE `failed_jobs` (
  `id` bigint(20) unsigned NOT NULL AUTO_INCREMENT,
  `connection` text COLLATE utf8mb4_unicode_ci NOT NULL,
  `queue` text COLLATE utf8mb4_unicode_ci NOT NULL,
  `payload` longtext COLLATE utf8mb4_unicode_ci NOT NULL,
  `exception` longtext COLLATE utf8mb4_unicode_ci NOT NULL,
  `failed_at` timestamp NOT NULL DEFAULT CURRENT_TIMESTAMP,
  PRIMARY KEY (`id`)
) ENGINE=InnoDB DEFAULT CHARSET=utf8mb4 COLLATE=utf8mb4_unicode_ci;
/*!40101 SET character_set_client = @saved_cs_client */;

--
-- Dumping data for table `failed_jobs`
--

LOCK TABLES `failed_jobs` WRITE;
/*!40000 ALTER TABLE `failed_jobs` DISABLE KEYS */;
/*!40000 ALTER TABLE `failed_jobs` ENABLE KEYS */;
UNLOCK TABLES;

--
-- Table structure for table `migrations`
--

DROP TABLE IF EXISTS `migrations`;
/*!40101 SET @saved_cs_client     = @@character_set_client */;
/*!40101 SET character_set_client = utf8 */;
CREATE TABLE `migrations` (
  `id` int(10) unsigned NOT NULL AUTO_INCREMENT,
  `migration` varchar(255) COLLATE utf8mb4_unicode_ci NOT NULL,
  `batch` int(11) NOT NULL,
  PRIMARY KEY (`id`)
) ENGINE=InnoDB AUTO_INCREMENT=9 DEFAULT CHARSET=utf8mb4 COLLATE=utf8mb4_unicode_ci;
/*!40101 SET character_set_client = @saved_cs_client */;

--
-- Dumping data for table `migrations`
--

LOCK TABLES `migrations` WRITE;
/*!40000 ALTER TABLE `migrations` DISABLE KEYS */;
INSERT INTO `migrations` VALUES (1,'2014_10_12_000000_create_users_table',1),(2,'2014_10_12_100000_create_password_resets_table',1),(3,'2019_08_19_000000_create_failed_jobs_table',1),(4,'2019_10_26_013036_create_enseignants_table',1),(5,'2019_10_26_013142_create_etudiants_table',1),(6,'2019_10_26_013250_create_admins_table',1),(7,'2019_11_20_134415_bac',1),(8,'2019_11_20_134501_etudiant_document',1);
/*!40000 ALTER TABLE `migrations` ENABLE KEYS */;
UNLOCK TABLES;

--
-- Table structure for table `password_resets`
--

DROP TABLE IF EXISTS `password_resets`;
/*!40101 SET @saved_cs_client     = @@character_set_client */;
/*!40101 SET character_set_client = utf8 */;
CREATE TABLE `password_resets` (
  `id` int(10) unsigned NOT NULL AUTO_INCREMENT,
  `email` varchar(255) COLLATE utf8mb4_unicode_ci NOT NULL,
  `type` varchar(255) COLLATE utf8mb4_unicode_ci NOT NULL,
  `token` varchar(255) COLLATE utf8mb4_unicode_ci NOT NULL,
  `created_at` timestamp NULL DEFAULT NULL,
  `updated_at` timestamp NULL DEFAULT NULL,
  PRIMARY KEY (`id`),
  KEY `password_resets_email_index` (`email`)
) ENGINE=InnoDB DEFAULT CHARSET=utf8mb4 COLLATE=utf8mb4_unicode_ci;
/*!40101 SET character_set_client = @saved_cs_client */;

--
-- Dumping data for table `password_resets`
--

LOCK TABLES `password_resets` WRITE;
/*!40000 ALTER TABLE `password_resets` DISABLE KEYS */;
/*!40000 ALTER TABLE `password_resets` ENABLE KEYS */;
UNLOCK TABLES;

--
-- Table structure for table `users`
--

DROP TABLE IF EXISTS `users`;
/*!40101 SET @saved_cs_client     = @@character_set_client */;
/*!40101 SET character_set_client = utf8 */;
CREATE TABLE `users` (
  `id` bigint(20) unsigned NOT NULL AUTO_INCREMENT,
  `email` varchar(255) COLLATE utf8mb4_unicode_ci NOT NULL,
  `email_verified_at` timestamp NULL DEFAULT NULL,
  `password` varchar(255) COLLATE utf8mb4_unicode_ci NOT NULL,
  `role` varchar(255) COLLATE utf8mb4_unicode_ci NOT NULL,
  `remember_token` varchar(100) COLLATE utf8mb4_unicode_ci DEFAULT NULL,
  `created_at` timestamp NULL DEFAULT NULL,
  `updated_at` timestamp NULL DEFAULT NULL,
  PRIMARY KEY (`id`),
  UNIQUE KEY `users_email_unique` (`email`)
) ENGINE=InnoDB DEFAULT CHARSET=utf8mb4 COLLATE=utf8mb4_unicode_ci;
/*!40101 SET character_set_client = @saved_cs_client */;

--
-- Dumping data for table `users`
--

LOCK TABLES `users` WRITE;
/*!40000 ALTER TABLE `users` DISABLE KEYS */;
/*!40000 ALTER TABLE `users` ENABLE KEYS */;
UNLOCK TABLES;
/*!40103 SET TIME_ZONE=@OLD_TIME_ZONE */;

/*!40101 SET SQL_MODE=@OLD_SQL_MODE */;
/*!40014 SET FOREIGN_KEY_CHECKS=@OLD_FOREIGN_KEY_CHECKS */;
/*!40014 SET UNIQUE_CHECKS=@OLD_UNIQUE_CHECKS */;
/*!40101 SET CHARACTER_SET_CLIENT=@OLD_CHARACTER_SET_CLIENT */;
/*!40101 SET CHARACTER_SET_RESULTS=@OLD_CHARACTER_SET_RESULTS */;
/*!40101 SET COLLATION_CONNECTION=@OLD_COLLATION_CONNECTION */;
/*!40111 SET SQL_NOTES=@OLD_SQL_NOTES */;

-- Dump completed on 2020-01-03 18:54:37
